	PNSR	SSIM	MSE
0	17.997856	0.012689664	0.063427016
