	PNSR	SSIM	MSE
0	11.801032	0.107163645	0.26421458
