	PNSR	SSIM	MSE
0	12.052538	0.13078608	0.24934815
