	PNSR	SSIM	MSE
0	18.281715	0.04811819	0.059413955
