	PNSR	SSIM	MSE
0	12.470533	0.17005478	0.22646792
