	PNSR	SSIM	MSE
0	18.021904	0.016033206	0.06307678
