	PNSR	SSIM	MSE
0	11.5282755	0.08165536	0.2813406
