	PNSR	SSIM	MSE
0	12.255571	0.14985433	0.2379594
