	PNSR	SSIM	MSE
0	18.099247	0.026022274	0.06196338
