	PNSR	SSIM	MSE
0	12.3937	0.16282016	0.23051015
