	PNSR	SSIM	MSE
0	17.97585	0.009071167	0.06374924
