	PNSR	SSIM	MSE
0	18.353846	0.0565738	0.058435306
