	PNSR	SSIM	MSE
0	18.152365	0.03259397	0.061210144
