	PNSR	SSIM	MSE
0	18.05563	0.020478142	0.06258884
