	PNSR	SSIM	MSE
0	11.161747	0.047956135	0.30611545
