	PNSR	SSIM	MSE
0	17.982834	0.010398877	0.06364678
