	PNSR	SSIM	MSE
0	11.39497	0.069284685	0.29011017
