	PNSR	SSIM	MSE
0	12.161409	0.14101367	0.24317503
