	PNSR	SSIM	MSE
0	18.428133	0.0651608	0.057444252
