	PNSR	SSIM	MSE
0	12.461739	0.1692226	0.22692697
