	PNSR	SSIM	MSE
0	11.6652355	0.09443978	0.2726066
