	PNSR	SSIM	MSE
0	12.4364	0.16683392	0.2282548
