	PNSR	SSIM	MSE
0	11.9313755	0.11940191	0.25640255
