	PNSR	SSIM	MSE
0	12.333326	0.15715209	0.23373696
