	PNSR	SSIM	MSE
0	11.270721	0.057852797	0.29852986
