	PNSR	SSIM	MSE
0	11.07588	0.040344253	0.31222802
