	PNSR	SSIM	MSE
0	18.213816	0.040036816	0.06035015
